Make,Model,
Lamborghini,Aventador SV,
Lamborghini,Aventador SVJ,
Lamborghini,Gallardo,
Lamborghini,Urus,
Lamborghini,Murcielago,
Lamborghini,Sian,
Lamborghini,Countach,
Ferrari,458,
Ferrari,488 (Pista),
Ferrari,812,
Ferrari,SF90,
Ferrari,LaFerrari,
Ferrari,California,
Ferrari,F430,
Ferrari,F8,
Ferrari,Portofino,
Ferrari,Roma,
Mclaren,Mclaren:,
Mclaren,570S,
Mclaren,600 LT,
Mclaren,650 S,
Mclaren,720 S,
Mclaren,GT,
Mclaren,Artura,
Mclaren,765 LT,
Mclaren,Senna,
Mclaren,Elva,
Mclaren,Speedtail,
Mclaren,P1,
Porsche,Porsche:,
Porsche,911 Turbo - S,
Porsche,911 GT3 - RS,
Porsche,911 Targa,
Porsche,911 Carrera S - GTS,
Porsche,918,
Bugatti,Bugatti:,
Bugatti,Chiron,
Bugatti,Veyron,
Bugatti,Divo,
Bugatti,Boldie,
Aston Marin,Vantage,
Aston Marin,DB11,
Aston Marin,Superleggera,
Aston Marin,Vanquish,
Aston Marin,Valkyrie,
Pagani,Zonda,
Pagani,Huayra,
Pagani,Roadster,
Koenigsegg,Agera,
Koenigsegg,Jesko,
Koenigsegg,Regera,
Audi,R8,
Doge,Viper,
Ford,GT,
AMG,GTR,
AMG,SLS,
Nissan,GTR,
Acura,NSX,
Lamborghini,Huracan,